"","ID","Description","GeneRatio","BgRatio","RichFactor","FoldEnrichment","zScore","pvalue","p.adjust","qvalue","geneID","Count"
"GO:0070723","GO:0070723","response to cholesterol","3/20","31/18986",0.0967741935483871,91.8677419354839,16.4422449535751,4.40944657101901e-06,0.0029144072448062,0.00182965623436935,"1234/19/114881",3
"GO:0036314","GO:0036314","response to sterol","3/20","36/18986",0.0833333333333333,79.1083333333333,15.2326842410168,6.98061615522443e-06,0.0029144072448062,0.00182965623436935,"1234/19/114881",3
"GO:0010887","GO:0010887","negative regulation of cholesterol storage","2/20","11/18986",0.181818181818182,172.6,18.4865197572177,5.76542221031557e-05,0.0147851195049347,0.00928205422433971,"19/10062",2
"GO:0071222","GO:0071222","cellular response to lipopolysaccharide","4/20","228/18986",0.0175438596491228,16.6543859649123,7.72222800746553,8.43752889825318e-05,0.0147851195049347,0.00928205422433971,"1234/19/10062/10288",4
"GO:0010745","GO:0010745","negative regulation of macrophage derived foam cell differentiation","2/20","14/18986",0.142857142857143,135.614285714286,16.3617983684369,9.52108229189854e-05,0.0147851195049347,0.00928205422433971,"19/10062",2
"GO:0071219","GO:0071219","cellular response to molecule of bacterial origin","4/20","242/18986",0.0165289256198347,15.6909090909091,7.46891714898114,0.000106240379676177,0.0147851195049347,0.00928205422433971,"1234/19/10062/10288",4
"GO:0071216","GO:0071216","cellular response to biotic stimulus","4/20","269/18986",0.0148698884758364,14.1159851301115,7.0354415761411,0.00015965723776915,0.0186150943950358,0.0116865011140596,"1234/19/10062/10288",4
"GO:0010885","GO:0010885","regulation of cholesterol storage","2/20","19/18986",0.105263157894737,99.9263157894737,14.0094710861457,0.000178348209772798,0.0186150943950358,0.0116865011140596,"19/10062",2
"GO:0071397","GO:0071397","cellular response to cholesterol","2/20","21/18986",0.0952380952380952,90.4095238095238,13.3121876595598,0.000218747502037147,0.0202949071334464,0.0127410825747952,"19/114881",2
"GO:0010888","GO:0010888","negative regulation of lipid storage","2/20","23/18986",0.0869565217391304,82.5478260869565,12.7073563517989,0.000263205849219367,0.0217241662922372,0.0136383672405094,"19/10062",2
"GO:0010878","GO:0010878","cholesterol storage","2/20","25/18986",0.08,75.944,12.1761132758156,0.000311707693412084,0.0217241662922372,0.0136383672405094,"19/10062",2
"GO:0036315","GO:0036315","cellular response to sterol","2/20","26/18986",0.0769230769230769,73.0230769230769,11.9336034979782,0.000337470076518529,0.0217241662922372,0.0136383672405094,"19/114881",2
"GO:0015918","GO:0015918","sterol transport","3/20","132/18986",0.0227272727272727,21.575,7.70295717833747,0.00034342190346703,0.0217241662922372,0.0136383672405094,"19/10062/114881",3
"GO:0010875","GO:0010875","positive regulation of cholesterol efflux","2/20","27/18986",0.0740740740740741,70.3185185185185,11.7045808694111,0.00036423751867224,0.0217241662922372,0.0136383672405094,"19/10062",2
"GO:0032496","GO:0032496","response to lipopolysaccharide","4/20","354/18986",0.0112994350282486,10.7265536723164,5.99878513103976,0.000454488192926013,0.0252998427395481,0.0158831663212038,"1234/19/10062/10288",4
"GO:0010743","GO:0010743","regulation of macrophage derived foam cell differentiation","2/20","33/18986",0.0606060606060606,57.5333333333333,10.5549214905935,0.000545840348907284,0.0277397646294257,0.01741494205541,"19/10062",2
"GO:0002237","GO:0002237","response to molecule of bacterial origin","4/20","375/18986",0.0106666666666667,10.1258666666667,5.7961194085114,0.000564761675090103,0.0277397646294257,0.01741494205541,"1234/19/10062/10288",4
"GO:0032373","GO:0032373","positive regulation of sterol transport","2/20","36/18986",0.0555555555555556,52.7388888888889,10.0901161731633,0.000650054078448374,0.0284968581547308,0.01789024312771,"19/10062",2
"GO:0032376","GO:0032376","positive regulation of cholesterol transport","2/20","36/18986",0.0555555555555556,52.7388888888889,10.0901161731633,0.000650054078448374,0.0284968581547308,0.01789024312771,"19/10062",2
"GO:0006367","GO:0006367","transcription initiation at RNA polymerase II promoter","3/20","167/18986",0.0179640718562874,17.0532934131737,6.76638232677109,0.00068255947676002,0.0284968581547308,0.01789024312771,"6688/1958/2067",3
"GO:0010742","GO:0010742","macrophage derived foam cell differentiation","2/20","38/18986",0.0526315789473684,49.9631578947368,9.81097018104428,0.000724462318415149,0.0288060017084119,0.0180843225348744,"19/10062",2
"GO:0090077","GO:0090077","foam cell differentiation","2/20","39/18986",0.0512820512820513,48.6820512820513,9.67942216514652,0.000763140443554829,0.0289646486531037,0.018183920616761,"19/10062",2
"GO:1903573","GO:1903573","negative regulation of response to endoplasmic reticulum stress","2/20","46/18986",0.0434782608695652,41.2739130434783,8.88065874806652,0.00106122487996363,0.0385270771638971,0.0241871849071803,"10062/90993",2
"GO:0051051","GO:0051051","negative regulation of transport","4/20","467/18986",0.00856531049250535,8.13104925053533,5.06682069602698,0.00128018118409457,0.0418879130952388,0.0262971077484134,"29763/6688/10062/10288",4
"GO:0006352","GO:0006352","DNA-templated transcription initiation","3/20","209/18986",0.0143540669856459,13.6263157894737,5.96031362450074,0.00130546527221979,0.0418879130952388,0.0262971077484134,"6688/1958/2067",3
"GO:0006968","GO:0006968","cellular defense response","2/20","52/18986",0.0384615384615385,36.5115384615385,8.32688177274287,0.00135445946535503,0.0418879130952388,0.0262971077484134,"1234/10288",2
"GO:0045815","GO:0045815","transcription initiation-coupled chromatin remodeling","2/20","52/18986",0.0384615384615385,36.5115384615385,8.32688177274287,0.00135445946535503,0.0418879130952388,0.0262971077484134,"6688/1958",2
"GO:0010874","GO:0010874","regulation of cholesterol efflux","2/20","54/18986",0.037037037037037,35.1592592592593,8.16280650593156,0.00145986943667523,0.0422641193470676,0.026533288918802,"19/10062",2
"GO:0010883","GO:0010883","regulation of lipid storage","2/20","55/18986",0.0363636363636364,34.52,8.08408744164014,0.00151400322472004,0.0422641193470676,0.026533288918802,"19/10062",2
"GO:0141137","GO:0141137","positive regulation of gene expression, epigenetic","2/20","56/18986",0.0357142857142857,33.9035714285714,8.00744882497178,0.00156908706557976,0.0422641193470676,0.026533288918802,"6688/1958",2
"GO:1902895","GO:1902895","positive regulation of miRNA transcription","2/20","56/18986",0.0357142857142857,33.9035714285714,8.00744882497178,0.00156908706557976,0.0422641193470676,0.026533288918802,"6688/1958",2
"GO:2000630","GO:2000630","positive regulation of miRNA metabolic process","2/20","67/18986",0.0298507462686567,28.3373134328358,7.27908130540089,0.00223718309609429,0.0582861207417138,0.0365918539292449,"6688/1958",2
"GO:1905953","GO:1905953","negative regulation of lipid localization","2/20","68/18986",0.0294117647058824,27.9205882352941,7.22160643706536,0.00230352333470246,0.0582861207417138,0.0365918539292449,"19/10062",2
"GO:0051926","GO:0051926","negative regulation of calcium ion transport","2/20","71/18986",0.028169014084507,26.7408450704225,7.05636809514444,0.00250809328771617,0.058490575894323,0.0367202102683553,"29763/10288",2
"GO:0033344","GO:0033344","cholesterol efflux","2/20","74/18986",0.027027027027027,25.6567567567568,6.90105528382895,0.00272094883322792,0.058490575894323,0.0367202102683553,"19/10062",2
"GO:0097305","GO:0097305","response to alcohol","3/20","275/18986",0.0109090909090909,10.356,5.07505187903835,0.00285490832462322,0.058490575894323,0.0367202102683553,"1234/19/114881",3
"GO:0045806","GO:0045806","negative regulation of endocytosis","2/20","76/18986",0.0263157894736842,24.9815789473684,6.80254198383617,0.00286743141753651,0.058490575894323,0.0367202102683553,"29763/10062",2
"GO:1902893","GO:1902893","regulation of miRNA transcription","2/20","76/18986",0.0263157894736842,24.9815789473684,6.80254198383617,0.00286743141753651,0.058490575894323,0.0367202102683553,"6688/1958",2
"GO:0034976","GO:0034976","response to endoplasmic reticulum stress","3/20","277/18986",0.0108303249097473,10.2812274368231,5.05303652766244,0.00291396896788754,0.058490575894323,0.0367202102683553,"23753/10062/90993",3
"GO:0032371","GO:0032371","regulation of sterol transport","2/20","77/18986",0.025974025974026,24.6571428571429,6.75469586775444,0.0029420409431875,0.058490575894323,0.0367202102683553,"19/10062",2
"GO:0032374","GO:0032374","regulation of cholesterol transport","2/20","77/18986",0.025974025974026,24.6571428571429,6.75469586775444,0.0029420409431875,0.058490575894323,0.0367202102683553,"19/10062",2
"GO:0061614","GO:0061614","miRNA transcription","2/20","77/18986",0.025974025974026,24.6571428571429,6.75469586775444,0.0029420409431875,0.058490575894323,0.0367202102683553,"6688/1958",2
"GO:0015850","GO:0015850","organic hydroxy compound transport","3/20","292/18986",0.0102739726027397,9.75308219178082,4.89478633057903,0.00338116065001005,0.0656574219246137,0.0412195349744187,"19/10062/114881",3
"GO:0032370","GO:0032370","positive regulation of lipid transport","2/20","88/18986",0.0227272727272727,21.575,6.28211211838368,0.00382239347158935,0.070926634417269,0.0445275309672864,"19/10062",2
"GO:1905897","GO:1905897","regulation of response to endoplasmic reticulum stress","2/20","88/18986",0.0227272727272727,21.575,6.28211211838368,0.00382239347158935,0.070926634417269,0.0445275309672864,"10062/90993",2
"GO:0009791","GO:0009791","post-embryonic development","2/20","89/18986",0.0224719101123595,21.3325842696629,6.24343476304459,0.00390780147076105,0.0709350919149017,0.0445328405592449,"10848/2067",2
"GO:2000628","GO:2000628","regulation of miRNA metabolic process","2/20","92/18986",0.0217391304347826,20.6369565217391,6.13110229434591,0.00416934797694568,0.074072458739354,0.0465024701571993,"6688/1958",2
"GO:0070098","GO:0070098","chemokine-mediated signaling pathway","2/20","93/18986",0.021505376344086,20.4150537634409,6.09483615241959,0.00425829840967408,0.0740766494182886,0.0465051010530195,"1234/9034",2
"GO:0030217","GO:0030217","T cell differentiation","3/20","320/18986",0.009375,8.8996875,4.6279823655916,0.004371202455107,0.0744888581635581,0.0467638844821329,"6688/10288/1958",3
"GO:0019915","GO:0019915","lipid storage","2/20","97/18986",0.0206185567010309,19.5731958762887,5.95525617626259,0.00462289436170293,0.077202335840439,0.0484673977290118,"19/10062",2
"GO:0008202","GO:0008202","steroid metabolic process","3/20","334/18986",0.00898203592814371,8.52664670658683,4.50655303745918,0.00492587161311555,0.080322185722545,0.050426030242455,"19/114881/1958",3
"GO:1990868","GO:1990868","response to chemokine","2/20","102/18986",0.0196078431372549,18.6137254901961,5.79210917226242,0.00509829442310765,0.080322185722545,0.050426030242455,"1234/9034",2
"GO:1990869","GO:1990869","cellular response to chemokine","2/20","102/18986",0.0196078431372549,18.6137254901961,5.79210917226242,0.00509829442310765,0.080322185722545,0.050426030242455,"1234/9034",2
"GO:0051235","GO:0051235","maintenance of location","3/20","345/18986",0.00869565217391304,8.25478260869565,4.41602753843476,0.0053904055673757,0.0833516416436798,0.0523279136949922,"1234/19/10062",3
"GO:0042632","GO:0042632","cholesterol homeostasis","2/20","106/18986",0.0188679245283019,17.911320754717,5.66972363203144,0.00549420207580052,0.0834119769689715,0.0523657920334672,"19/10062",2
"GO:0055092","GO:0055092","sterol homeostasis","2/20","107/18986",0.0186915887850467,17.7439252336449,5.64016873938322,0.00559532942129528,0.0834303583353849,0.0523773318008468,"19/10062",2
"GO:0010586","GO:0010586","miRNA metabolic process","2/20","110/18986",0.0181818181818182,17.26,5.55385228831477,0.00590384475548147,0.0849950063935694,0.0533596132165113,"6688/1958",2
"GO:0097306","GO:0097306","cellular response to alcohol","2/20","110/18986",0.0181818181818182,17.26,5.55385228831477,0.00590384475548147,0.0849950063935694,0.0533596132165113,"19/114881",2
"GO:1905954","GO:1905954","positive regulation of lipid localization","2/20","113/18986",0.0176991150442478,16.8017699115044,5.47087649913938,0.00622002376524707,0.0880291498979882,0.0552644395199472,"19/10062",2
"GO:0035967","GO:0035967","cellular response to topologically incorrect protein","2/20","114/18986",0.0175438596491228,16.6543859649123,5.44392238176485,0.00632711176948207,0.0880523054586255,0.055278976512317,"23753/90993",2
"GO:0002768","GO:0002768","immune response-regulating cell surface receptor signaling pathway","3/20","369/18986",0.00813008130081301,7.71788617886179,4.23178310625265,0.00649380490198149,0.0888906080845007,0.0558052604173733,"10062/8525/10288",3
"GO:0030301","GO:0030301","cholesterol transport","2/20","123/18986",0.016260162601626,15.4357723577236,5.2157843117212,0.00732870730079821,0.0973042271758959,0.0610873055576378,"19/10062",2
"GO:0043271","GO:0043271","negative regulation of monoatomic ion transport","2/20","134/18986",0.0149253731343284,14.1686567164179,4.96761106329024,0.00864398003871297,0.0973042271758959,0.0610873055576378,"29763/10288",2
"GO:0006639","GO:0006639","acylglycerol metabolic process","2/20","135/18986",0.0148148148148148,14.0637037037037,4.94650479780105,0.00876844859002761,0.0973042271758959,0.0610873055576378,"10062/8525",2
"GO:0006638","GO:0006638","neutral lipid metabolic process","2/20","136/18986",0.0147058823529412,13.9602941176471,4.92562176692814,0.00889372627458479,0.0973042271758959,0.0610873055576378,"10062/8525",2
"GO:1901875","GO:1901875","positive regulation of post-translational protein modification","2/20","136/18986",0.0147058823529412,13.9602941176471,4.92562176692814,0.00889372627458479,0.0973042271758959,0.0610873055576378,"91947/1958",2
"GO:0045621","GO:0045621","positive regulation of lymphocyte differentiation","2/20","137/18986",0.0145985401459854,13.8583941605839,4.904957924549,0.00901981142729484,0.0973042271758959,0.0610873055576378,"6688/10288",2
"GO:0014706","GO:0014706","striated muscle tissue development","3/20","424/18986",0.00707547169811321,6.71674528301887,3.86591064470999,0.00950521435324292,0.0973042271758959,0.0610873055576378,"10848/7026/1958",3
"GO:0030098","GO:0030098","lymphocyte differentiation","3/20","426/18986",0.00704225352112676,6.68521126760563,3.8538503565568,0.00962776249231467,0.0973042271758959,0.0610873055576378,"6688/10288/1958",3
"GO:0010212","GO:0010212","response to ionizing radiation","2/20","143/18986",0.013986013986014,13.2769230769231,4.7853637437148,0.0097931862200531,0.0973042271758959,0.0610873055576378,"1958/2067",2
"GO:0046834","GO:0046834","lipid phosphorylation","1/20","10/18986",0.1,94.93,9.64793595686576,0.0104867567020569,0.0973042271758959,0.0610873055576378,"8525",1
"GO:0072203","GO:0072203","cell proliferation involved in metanephros development","1/20","10/18986",0.1,94.93,9.64793595686576,0.0104867567020569,0.0973042271758959,0.0610873055576378,"1958",1
"GO:1905634","GO:1905634","regulation of protein localization to chromatin","1/20","10/18986",0.1,94.93,9.64793595686576,0.0104867567020569,0.0973042271758959,0.0610873055576378,"6688",1
"GO:0006816","GO:0006816","calcium ion transport","3/20","445/18986",0.00674157303370787,6.39977528089888,3.74301476637363,0.0108386882804864,0.0973042271758959,0.0610873055576378,"1234/29763/10288",3
"GO:0060537","GO:0060537","muscle tissue development","3/20","447/18986",0.00671140939597315,6.37114093959732,3.73172458117788,0.0109711021031545,0.0973042271758959,0.0610873055576378,"10848/7026/1958",3
"GO:0010565","GO:0010565","regulation of cellular ketone metabolic process","2/20","153/18986",0.0130718954248366,12.4091503267974,4.60120613401844,0.0111456397362581,0.0973042271758959,0.0610873055576378,"10062/1958",2
"GO:1903531","GO:1903531","negative regulation of secretion by cell","2/20","154/18986",0.012987012987013,12.3285714285714,4.58373720231156,0.011285199313793,0.0973042271758959,0.0610873055576378,"6688/10062",2
"GO:0002645","GO:0002645","positive regulation of tolerance induction","1/20","11/18986",0.0909090909090909,86.3,9.1893947278011,0.0115296669500516,0.0973042271758959,0.0610873055576378,"10288",1
"GO:0002765","GO:0002765","immune response-inhibiting signal transduction","1/20","11/18986",0.0909090909090909,86.3,9.1893947278011,0.0115296669500516,0.0973042271758959,0.0610873055576378,"10288",1
"GO:0002887","GO:0002887","negative regulation of myeloid leukocyte mediated immunity","1/20","11/18986",0.0909090909090909,86.3,9.1893947278011,0.0115296669500516,0.0973042271758959,0.0610873055576378,"6688",1
"GO:0072124","GO:0072124","regulation of glomerular mesangial cell proliferation","1/20","11/18986",0.0909090909090909,86.3,9.1893947278011,0.0115296669500516,0.0973042271758959,0.0610873055576378,"1958",1
"GO:1904238","GO:1904238","pericyte cell differentiation","1/20","11/18986",0.0909090909090909,86.3,9.1893947278011,0.0115296669500516,0.0973042271758959,0.0610873055576378,"6688",1
"GO:2000109","GO:2000109","regulation of macrophage apoptotic process","1/20","11/18986",0.0909090909090909,86.3,9.1893947278011,0.0115296669500516,0.0973042271758959,0.0610873055576378,"1234",1
"GO:0032368","GO:0032368","regulation of lipid transport","2/20","156/18986",0.0128205128205128,12.1705128205128,4.54928008667225,0.0115666505124336,0.0973042271758959,0.0610873055576378,"19/10062",2
"GO:0048568","GO:0048568","embryonic organ development","3/20","458/18986",0.00655021834061135,6.21812227074236,3.67083737344181,0.0117163601421459,0.0973042271758959,0.0610873055576378,"10848/7026/2067",3
"GO:0006869","GO:0006869","lipid transport","3/20","459/18986",0.0065359477124183,6.20457516339869,3.66540107071005,0.0117855406378652,0.0973042271758959,0.0610873055576378,"19/10062/114881",3
"GO:0035264","GO:0035264","multicellular organism growth","2/20","158/18986",0.0126582278481013,12.0164556962025,4.51544717916762,0.0118512003023678,0.0973042271758959,0.0610873055576378,"10848/2067",2
"GO:0035966","GO:0035966","response to topologically incorrect protein","2/20","160/18986",0.0125,11.86625,4.48221910337086,0.0121388357549884,0.0973042271758959,0.0610873055576378,"23753/90993",2
"GO:0009650","GO:0009650","UV protection","1/20","12/18986",0.0833333333333333,79.1083333333333,8.7890304951375,0.0125715329137407,0.0973042271758959,0.0610873055576378,"2067",1
"GO:0030157","GO:0030157","pancreatic juice secretion","1/20","12/18986",0.0833333333333333,79.1083333333333,8.7890304951375,0.0125715329137407,0.0973042271758959,0.0610873055576378,"10062",1
"GO:0043312","GO:0043312","neutrophil degranulation","1/20","12/18986",0.0833333333333333,79.1083333333333,8.7890304951375,0.0125715329137407,0.0973042271758959,0.0610873055576378,"6688",1
"GO:0048548","GO:0048548","regulation of pinocytosis","1/20","12/18986",0.0833333333333333,79.1083333333333,8.7890304951375,0.0125715329137407,0.0973042271758959,0.0610873055576378,"10062",1
"GO:0060707","GO:0060707","trophoblast giant cell differentiation","1/20","12/18986",0.0833333333333333,79.1083333333333,8.7890304951375,0.0125715329137407,0.0973042271758959,0.0610873055576378,"7026",1
"GO:0072110","GO:0072110","glomerular mesangial cell proliferation","1/20","12/18986",0.0833333333333333,79.1083333333333,8.7890304951375,0.0125715329137407,0.0973042271758959,0.0610873055576378,"1958",1
"GO:0140105","GO:0140105","interleukin-10-mediated signaling pathway","1/20","12/18986",0.0833333333333333,79.1083333333333,8.7890304951375,0.0125715329137407,0.0973042271758959,0.0610873055576378,"10288",1
"GO:0007584","GO:0007584","response to nutrient","2/20","168/18986",0.0119047619047619,11.3011904761905,4.35499591401592,0.0133199768779734,0.0973042271758959,0.0610873055576378,"19/2067",2
"GO:0002357","GO:0002357","defense response to tumor cell","1/20","13/18986",0.0769230769230769,73.0230769230769,8.43544055613702,0.0136123555838014,0.0973042271758959,0.0610873055576378,"6688",1
"GO:0002664","GO:0002664","regulation of T cell tolerance induction","1/20","13/18986",0.0769230769230769,73.0230769230769,8.43544055613702,0.0136123555838014,0.0973042271758959,0.0610873055576378,"10288",1
"GO:0006596","GO:0006596","polyamine biosynthetic process","1/20","13/18986",0.0769230769230769,73.0230769230769,8.43544055613702,0.0136123555838014,0.0973042271758959,0.0610873055576378,"54498",1
"GO:0034145","GO:0034145","positive regulation of toll-like receptor 4 signaling pathway","1/20","13/18986",0.0769230769230769,73.0230769230769,8.43544055613702,0.0136123555838014,0.0973042271758959,0.0610873055576378,"10062",1
"GO:0034380","GO:0034380","high-density lipoprotein particle assembly","1/20","13/18986",0.0769230769230769,73.0230769230769,8.43544055613702,0.0136123555838014,0.0973042271758959,0.0610873055576378,"19",1
"GO:0036462","GO:0036462","TRAIL-activated apoptotic signaling pathway","1/20","13/18986",0.0769230769230769,73.0230769230769,8.43544055613702,0.0136123555838014,0.0973042271758959,0.0610873055576378,"6688",1
"GO:0043301","GO:0043301","negative regulation of leukocyte degranulation","1/20","13/18986",0.0769230769230769,73.0230769230769,8.43544055613702,0.0136123555838014,0.0973042271758959,0.0610873055576378,"6688",1
"GO:0044029","GO:0044029","positive regulation of gene expression via chromosomal CpG island demethylation","1/20","13/18986",0.0769230769230769,73.0230769230769,8.43544055613702,0.0136123555838014,0.0973042271758959,0.0610873055576378,"1958",1
"GO:0070278","GO:0070278","extracellular matrix constituent secretion","1/20","13/18986",0.0769230769230769,73.0230769230769,8.43544055613702,0.0136123555838014,0.0973042271758959,0.0610873055576378,"90993",1
"GO:0070914","GO:0070914","UV-damage excision repair","1/20","13/18986",0.0769230769230769,73.0230769230769,8.43544055613702,0.0136123555838014,0.0973042271758959,0.0610873055576378,"2067",1
"GO:1903977","GO:1903977","positive regulation of glial cell migration","1/20","13/18986",0.0769230769230769,73.0230769230769,8.43544055613702,0.0136123555838014,0.0973042271758959,0.0610873055576378,"22800",1
"GO:2001198","GO:2001198","regulation of dendritic cell differentiation","1/20","13/18986",0.0769230769230769,73.0230769230769,8.43544055613702,0.0136123555838014,0.0973042271758959,0.0610873055576378,"10288",1
"GO:0007204","GO:0007204","positive regulation of cytosolic calcium ion concentration","2/20","170/18986",0.0117647058823529,11.1682352941176,4.32452907400492,0.013622847971548,0.0973042271758959,0.0610873055576378,"1234/9034",2
"GO:0051048","GO:0051048","negative regulation of secretion","2/20","175/18986",0.0114285714285714,10.8491428571429,4.25053840788811,0.0143931616730256,0.0973042271758959,0.0610873055576378,"6688/10062",2
"GO:0000722","GO:0000722","telomere maintenance via recombination","1/20","14/18986",0.0714285714285714,67.8071428571428,8.1201262941733,0.0146521359500228,0.0973042271758959,0.0610873055576378,"2067",1
"GO:0003084","GO:0003084","positive regulation of systemic arterial blood pressure","1/20","14/18986",0.0714285714285714,67.8071428571428,8.1201262941733,0.0146521359500228,0.0973042271758959,0.0610873055576378,"7026",1
"GO:0010867","GO:0010867","positive regulation of triglyceride biosynthetic process","1/20","14/18986",0.0714285714285714,67.8071428571428,8.1201262941733,0.0146521359500228,0.0973042271758959,0.0610873055576378,"10062",1
"GO:0033700","GO:0033700","phospholipid efflux","1/20","14/18986",0.0714285714285714,67.8071428571428,8.1201262941733,0.0146521359500228,0.0973042271758959,0.0610873055576378,"19",1
"GO:0051004","GO:0051004","regulation of lipoprotein lipase activity","1/20","14/18986",0.0714285714285714,67.8071428571428,8.1201262941733,0.0146521359500228,0.0973042271758959,0.0610873055576378,"10062",1
"GO:0071888","GO:0071888","macrophage apoptotic process","1/20","14/18986",0.0714285714285714,67.8071428571428,8.1201262941733,0.0146521359500228,0.0973042271758959,0.0610873055576378,"1234",1
"GO:1904353","GO:1904353","regulation of telomere capping","1/20","14/18986",0.0714285714285714,67.8071428571428,8.1201262941733,0.0146521359500228,0.0973042271758959,0.0610873055576378,"2067",1
"GO:0007519","GO:0007519","skeletal muscle tissue development","2/20","178/18986",0.0112359550561798,10.6662921348315,4.20756694706034,0.014864294177188,0.0973042271758959,0.0610873055576378,"7026/1958",2
"GO:0055088","GO:0055088","lipid homeostasis","2/20","180/18986",0.0111111111111111,10.5477777777778,4.17948493813957,0.0151820830594902,0.0973042271758959,0.0610873055576378,"19/10062",2
"GO:0001325","GO:0001325","formation of extrachromosomal circular DNA","1/20","15/18986",0.0666666666666667,63.2866666666667,7.8366063682608,0.0156908750013089,0.0973042271758959,0.0610873055576378,"2067",1
"GO:0002517","GO:0002517","T cell tolerance induction","1/20","15/18986",0.0666666666666667,63.2866666666667,7.8366063682608,0.0156908750013089,0.0973042271758959,0.0610873055576378,"10288",1
"GO:0032352","GO:0032352","positive regulation of hormone metabolic process","1/20","15/18986",0.0666666666666667,63.2866666666667,7.8366063682608,0.0156908750013089,0.0973042271758959,0.0610873055576378,"1958",1
"GO:0036151","GO:0036151","phosphatidylcholine acyl-chain remodeling","1/20","15/18986",0.0666666666666667,63.2866666666667,7.8366063682608,0.0156908750013089,0.0973042271758959,0.0610873055576378,"10062",1
"GO:0060330","GO:0060330","regulation of response to type II interferon","1/20","15/18986",0.0666666666666667,63.2866666666667,7.8366063682608,0.0156908750013089,0.0973042271758959,0.0610873055576378,"10062",1
"GO:0060334","GO:0060334","regulation of type II interferon-mediated signaling pathway","1/20","15/18986",0.0666666666666667,63.2866666666667,7.8366063682608,0.0156908750013089,0.0973042271758959,0.0610873055576378,"10062",1
"GO:0060457","GO:0060457","negative regulation of digestive system process","1/20","15/18986",0.0666666666666667,63.2866666666667,7.8366063682608,0.0156908750013089,0.0973042271758959,0.0610873055576378,"10062",1
"GO:0072148","GO:0072148","epithelial cell fate commitment","1/20","15/18986",0.0666666666666667,63.2866666666667,7.8366063682608,0.0156908750013089,0.0973042271758959,0.0610873055576378,"7026",1
"GO:0090656","GO:0090656","t-circle formation","1/20","15/18986",0.0666666666666667,63.2866666666667,7.8366063682608,0.0156908750013089,0.0973042271758959,0.0610873055576378,"2067",1
"GO:0090737","GO:0090737","telomere maintenance via telomere trimming","1/20","15/18986",0.0666666666666667,63.2866666666667,7.8366063682608,0.0156908750013089,0.0973042271758959,0.0610873055576378,"2067",1
"GO:1900452","GO:1900452","regulation of long-term synaptic depression","1/20","15/18986",0.0666666666666667,63.2866666666667,7.8366063682608,0.0156908750013089,0.0973042271758959,0.0610873055576378,"10288",1
"GO:1901722","GO:1901722","regulation of cell proliferation involved in kidney development","1/20","15/18986",0.0666666666666667,63.2866666666667,7.8366063682608,0.0156908750013089,0.0973042271758959,0.0610873055576378,"1958",1
"GO:1904936","GO:1904936","interneuron migration","1/20","15/18986",0.0666666666666667,63.2866666666667,7.8366063682608,0.0156908750013089,0.0973042271758959,0.0610873055576378,"7026",1
"GO:0001659","GO:0001659","temperature homeostasis","2/20","185/18986",0.0108108108108108,10.2627027027027,4.11117098900908,0.0159894158231872,0.0973042271758959,0.0610873055576378,"10062/1958",2
"GO:0071478","GO:0071478","cellular response to radiation","2/20","185/18986",0.0108108108108108,10.2627027027027,4.11117098900908,0.0159894158231872,0.0973042271758959,0.0610873055576378,"1958/2067",2
"GO:1905952","GO:1905952","regulation of lipid localization","2/20","188/18986",0.0106382978723404,10.0989361702128,4.0714222518044,0.0164825717918286,0.0973042271758959,0.0610873055576378,"19/10062",2
"GO:0034616","GO:0034616","response to laminar fluid shear stress","1/20","16/18986",0.0625,59.33125,7.57983993271612,0.0167285737256763,0.0973042271758959,0.0610873055576378,"19",1
"GO:0044849","GO:0044849","estrous cycle","1/20","16/18986",0.0625,59.33125,7.57983993271612,0.0167285737256763,0.0973042271758959,0.0610873055576378,"1958",1
"GO:1904177","GO:1904177","regulation of adipose tissue development","1/20","16/18986",0.0625,59.33125,7.57983993271612,0.0167285737256763,0.0973042271758959,0.0610873055576378,"6688",1
"GO:0006694","GO:0006694","steroid biosynthetic process","2/20","191/18986",0.0104712041884817,9.94031413612565,4.03255893232212,0.0169822437820355,0.0973042271758959,0.0610873055576378,"114881/1958",2
"GO:0060538","GO:0060538","skeletal muscle organ development","2/20","192/18986",0.0104166666666667,9.88854166666667,4.019795328415,0.0171502419053483,0.0973042271758959,0.0610873055576378,"7026/1958",2
"GO:1902107","GO:1902107","positive regulation of leukocyte differentiation","2/20","195/18986",0.0102564102564103,9.73641025641026,3.9820600494855,0.0176585370962263,0.0973042271758959,0.0610873055576378,"6688/10288",2
"GO:1903708","GO:1903708","positive regulation of hemopoiesis","2/20","195/18986",0.0102564102564103,9.73641025641026,3.9820600494855,0.0176585370962263,0.0973042271758959,0.0610873055576378,"6688/10288",2
"GO:0032488","GO:0032488","Cdc42 protein signal transduction","1/20","17/18986",0.0588235294117647,55.8411764705882,7.34583942481974,0.0177652331102564,0.0973042271758959,0.0610873055576378,"19",1
"GO:0042448","GO:0042448","progesterone metabolic process","1/20","17/18986",0.0588235294117647,55.8411764705882,7.34583942481974,0.0177652331102564,0.0973042271758959,0.0610873055576378,"1958",1
"GO:0043031","GO:0043031","negative regulation of macrophage activation","1/20","17/18986",0.0588235294117647,55.8411764705882,7.34583942481974,0.0177652331102564,0.0973042271758959,0.0610873055576378,"10062",1
"GO:0045579","GO:0045579","positive regulation of B cell differentiation","1/20","17/18986",0.0588235294117647,55.8411764705882,7.34583942481974,0.0177652331102564,0.0973042271758959,0.0610873055576378,"6688",1
"GO:0051044","GO:0051044","positive regulation of membrane protein ectodomain proteolysis","1/20","17/18986",0.0588235294117647,55.8411764705882,7.34583942481974,0.0177652331102564,0.0973042271758959,0.0610873055576378,"29763",1
"GO:0055091","GO:0055091","phospholipid homeostasis","1/20","17/18986",0.0588235294117647,55.8411764705882,7.34583942481974,0.0177652331102564,0.0973042271758959,0.0610873055576378,"19",1
"GO:0072109","GO:0072109","glomerular mesangium development","1/20","17/18986",0.0588235294117647,55.8411764705882,7.34583942481974,0.0177652331102564,0.0973042271758959,0.0610873055576378,"1958",1
"GO:0072224","GO:0072224","metanephric glomerulus development","1/20","17/18986",0.0588235294117647,55.8411764705882,7.34583942481974,0.0177652331102564,0.0973042271758959,0.0610873055576378,"1958",1
"GO:0090399","GO:0090399","replicative senescence","1/20","17/18986",0.0588235294117647,55.8411764705882,7.34583942481974,0.0177652331102564,0.0973042271758959,0.0610873055576378,"2067",1
"GO:0002695","GO:0002695","negative regulation of leukocyte activation","2/20","196/18986",0.0102040816326531,9.68673469387755,3.96966290303266,0.0178293973148648,0.0973042271758959,0.0610873055576378,"10062/10288",2
"GO:0046890","GO:0046890","regulation of lipid biosynthetic process","2/20","196/18986",0.0102040816326531,9.68673469387755,3.96966290303266,0.0178293973148648,0.0973042271758959,0.0610873055576378,"10062/1958",2
"GO:0071466","GO:0071466","cellular response to xenobiotic stimulus","2/20","198/18986",0.0101010101010101,9.58888888888889,3.94513373035494,0.018173251293765,0.0985367846122971,0.0618611014647639,"19/54498",2
"GO:0006595","GO:0006595","polyamine metabolic process","1/20","18/18986",0.0555555555555556,52.7388888888889,7.1314034266916,0.0188008541412963,0.0991771890207938,0.0622631454552226,"54498",1
"GO:0045475","GO:0045475","locomotor rhythm","1/20","18/18986",0.0555555555555556,52.7388888888889,7.1314034266916,0.0188008541412963,0.0991771890207938,0.0622631454552226,"1958",1
"GO:0071218","GO:0071218","cellular response to misfolded protein","1/20","18/18986",0.0555555555555556,52.7388888888889,7.1314034266916,0.0188008541412963,0.0991771890207938,0.0622631454552226,"23753",1
"GO:0002520","GO:0002520","immune system development","2/20","202/18986",0.0099009900990099,9.3990099009901,3.8971055064316,0.0188694506778033,0.0991771890207938,0.0622631454552226,"10288/2067",2
"GO:0050728","GO:0050728","negative regulation of inflammatory response","2/20","203/18986",0.00985221674876847,9.35270935960591,3.88530695167619,0.0190452606917604,0.0991771890207938,0.0622631454552226,"10062/10848",2
"GO:0007623","GO:0007623","circadian rhythm","2/20","206/18986",0.00970873786407767,9.21650485436893,3.85039564843992,0.019576890867983,0.0991771890207938,0.0622631454552226,"10062/1958",2
"GO:0022408","GO:0022408","negative regulation of cell-cell adhesion","2/20","207/18986",0.00966183574879227,9.1719806763285,3.83891678570518,0.0197554959315357,0.0991771890207938,0.0622631454552226,"6688/10288",2
"GO:0050777","GO:0050777","negative regulation of immune response","2/20","207/18986",0.00966183574879227,9.1719806763285,3.83891678570518,0.0197554959315357,0.0991771890207938,0.0622631454552226,"6688/10062",2
"GO:0002283","GO:0002283","neutrophil activation involved in immune response","1/20","19/18986",0.0526315789473684,49.9631578947368,6.93392793756192,0.0198354378041588,0.0991771890207938,0.0622631454552226,"6688",1
"GO:0002643","GO:0002643","regulation of tolerance induction","1/20","19/18986",0.0526315789473684,49.9631578947368,6.93392793756192,0.0198354378041588,0.0991771890207938,0.0622631454552226,"10288",1
"GO:0042402","GO:0042402","cellular biogenic amine catabolic process","1/20","19/18986",0.0526315789473684,49.9631578947368,6.93392793756192,0.0198354378041588,0.0991771890207938,0.0622631454552226,"54498",1
"GO:0097320","GO:0097320","plasma membrane tubulation","1/20","19/18986",0.0526315789473684,49.9631578947368,6.93392793756192,0.0198354378041588,0.0991771890207938,0.0622631454552226,"29763",1
"GO:1904505","GO:1904505","regulation of telomere maintenance in response to DNA damage","1/20","19/18986",0.0526315789473684,49.9631578947368,6.93392793756192,0.0198354378041588,0.0991771890207938,0.0622631454552226,"2067",1
